<?xml version="1.0" encoding="UTF-8" standalone="yes"?>
<addon id="plugin.video.openloadmovies" name="Openload Movies" version="1.3.3" provider-name="DandyMedia">
  <requires>
    <import addon="xbmc.python" version="2.1.0"/>
	<import addon="script.module.addon.common" />
    <import addon="script.module.requests" />
  </requires>
  <extension point="xbmc.python.pluginsource" library="default.py">
        <provides>video</provides>
  </extension>
  <extension point="xbmc.addon.metadata">
	<summary lang="en">Movies and TV</summary>
	<description lang="en">[B][COLOR cornflowerblue]One click Googlelinks for Movies and TV shows[/COLOR][/B]</description>
	<disclaimer lang="en">The author does not host or distribute any of the content displayed by this addon or have any affiliation with the website owners</disclaimer>
	<platform>all</platform>
  </extension>
</addon>