<?xml version="1.0" encoding="UTF-8" standalone="yes"?>
<addon id="plugin.video.filmemporium_gw" name="Film Emporium" version="2.0.0" provider-name="Dandymedia">
  <requires>
    <import addon="xbmc.python" version="2.1.0"/>
    <import addon="script.module.addon.common" />
    <import addon="script.module.requests" />
  </requires>
  <extension point="xbmc.python.pluginsource" library="default.py">
    <provides>video</provides>
  </extension>
  <extension point="xbmc.addon.metadata">
    <summary lang="en">Movie and TV</summary>
    <description lang="en">Huge catalogue of free one click links to Movies and TV shows old and new.......Enjoy</description>
	<disclaimer lang="en">The author does not host or distribute any of the content displayed by this addon or have any affiliation with the website owners</disclaimer>
    <platform>all</platform>
  </extension>
</addon>
