<?xml version="1.0" encoding="UTF-8" standalone="yes"?>
<addon id="plugin.video.tvtimes" name="TV Times" version="0.0.9" provider-name="Dandymedia">
  <requires>
    <import addon="xbmc.python" version="2.1.0"/>
	<import addon="script.module.urlresolver"  version="3.0.0"/>
	<import addon="script.module.addon.common" />
  </requires>
  <extension point="xbmc.python.pluginsource" library="default.py">
		<provides>video</provides>
  </extension>
  <extension point="xbmc.addon.metadata">
	<summary lang="en">Latest TV and Movie Links Multi Debrid from TVrelease.net</summary>
	<description lang="en">Latest TV and Movie links, Multiple formats.[CR]Rapidgator,Filefactory and Uploaded Hosters only.[CR][CR][B][COLOR red]A Debrid account is required[/COLOR][/B]</description>
	<disclaimer lang="en">The author does not host or distribute any of the content displayed by this addon or have any affiliation with the website owners</disclaimer>
	<platform>all</platform>
  </extension>
</addon>
