<?xml version="1.0" encoding="UTF-8" standalone="yes"?>
<addon id="plugin.video.myvidlinks_gw" name="MyVideoLinks" version="1.0.2" provider-name="Dandymedia">
  <requires>
    <import addon="xbmc.python" version="2.1.0"/>
	<import addon="script.module.urlresolver"  version="3.0.0"/>
	<import addon="script.module.addon.common" />
	<import addon="script.module.requests" />
  </requires>
  <extension point="xbmc.python.pluginsource" library="default.py">
		<provides>video</provides>
  </extension>
  <extension point="xbmc.addon.metadata">
	<summary lang="en">Video and TV</summary>
	<description lang="en">Quality links for Movies and latest TV shows.[CR][CR]Free users will see four hosts, pairing and captchas required on some.[CR][CR]Six hosts will be available to debrid users with no pairing required.</description>
	<disclaimer lang="en"></disclaimer>
	<platform>all</platform>
  </extension>
</addon>
