<?xml version="1.0" encoding="UTF-8" standalone="yes"?>
<addon id="plugin.video.toonkeeda_gw" name="ToonKeeda" version="1.0.0" provider-name="Dandymedia">
  <requires>
    <import addon="xbmc.python" version="2.1.0"/>
	<import addon="script.module.urlresolver"  version="3.0.0"/>
	<import addon="script.module.addon.common" />
	<import addon="script.module.requests" />
  </requires>
  <extension point="xbmc.python.pluginsource" library="default.py">
		<provides>video</provides>
  </extension>
  <extension point="xbmc.addon.metadata">
	<summary lang="en">Cartoons/Anime</summary>
	<description lang="en">Google Links Cartoons from Toonkeeda</description>
	<disclaimer lang="en">The author does not host or distribute any of the content displayed by this addon or have any affiliation with the website owners</disclaimer>
	<platform>all</platform>
  </extension>
</addon>
