<?xml version="1.0" encoding="UTF-8" standalone="yes"?>
<addon id="plugin.video.jafma" name="JAFMA" version="2.1.2" provider-name="Dandymedia">
  <requires>
    <import addon="xbmc.python" version="2.1.0"/>
	<import addon="script.module.muckys.common"/>
    <import addon="script.module.addon.common" />
	<import addon="script.module.urlresolver"  version="3.0.0"/>
    <import addon="script.module.metahandler" version="2.5.1"/>
  </requires>
  <extension point="xbmc.python.pluginsource" library="default.py">
    <provides>video</provides>
  </extension>
  <extension point="xbmc.addon.metadata">
    <summary lang="en">Movies and TV</summary>
    <description lang="en">[COLOR orange]HD/SD Movies and TV.[CR][CR][B]This addon source requires a HTTPS compatible device.[/COLOR][CR][CR][COLOR red]Kodi 17 or Elec 16 and above.[/COLOR][/B]</description>
	<disclaimer lang="en">The author does not host or distribute any of the content displayed by this addon or have any affiliation with the website owners</disclaimer>
    <platform>all</platform>
  </extension>
</addon>
