<?xml version="1.0" encoding="UTF-8" standalone="yes"?>
<addon id="plugin.video.jafma" name="JAFMA" version="1.0.9" provider-name="Dandymedia">
  <requires>
    <import addon="xbmc.python" version="2.1.0"/>
    <import addon="script.module.requests" />
    <import addon="script.module.addon.common" />
  </requires>
  <extension point="xbmc.python.pluginsource" library="default.py">
    <provides>video</provides>
  </extension>
  <extension point="xbmc.addon.metadata">
    <summary lang="en">Movies</summary>
    <description lang="en">HD and SD Movies and TV</description>
    <disclaimer lang="en"></disclaimer>
    <platform>all</platform>
  </extension>
</addon>
