<?xml version="1.0" encoding="UTF-8" standalone="yes"?>
<addon id="plugin.video.fineanddandy" name="Fine and Dandy" version="1.0.1" provider-name="Dandymedia">
  <requires>
    <import addon="xbmc.python" version="2.1.0"/>
	<import addon="script.module.urlresolver"  version="3.0.0"/>
	<import addon="script.module.addon.common" />
	<import addon="script.module.requests" />
  </requires>
  <extension point="xbmc.python.pluginsource" library="default.py">
		<provides>video</provides>
  </extension>
  <extension point="xbmc.addon.metadata">
	<summary lang="en">Multiple Debrid Links to Movies and TV Shows</summary>
	<description lang="en">Multiple debrid links 720/1080, 3D and 4K[CR]Now with TV Section - Sister site in beta added.[CR][CR][B][COLOR red]You Will Benefit with a Debrid Account using this addon,[CR]More links will become available.[/COLOR][/B][CR][CR]A Special thanks to Mucky Duck for the search fuction,coding help and guidance. A Gentleman and an asset to the Kodi Community.</description>
	<disclaimer lang="en">The author does not host or distribute any of the content displayed by this addon or have any affiliation with the website owners</disclaimer>
	<platform>all</platform>
  </extension>
</addon>
