<?xml version="1.0" encoding="UTF-8" standalone="yes"?>
<addon id="plugin.video.dandyboxset" name="DandyMedia Boxsets" version="1.0.4" provider-name="Dandymedia">
  <requires>
    <import addon="xbmc.python" version="2.1.0"/>
    <import addon="script.module.urlresolver"  version="2.1.2"/>
	<import addon="script.module.addon.common" />
    <import addon="script.module.metahandler" version="2.5.1"/>
  </requires>
  <extension point="xbmc.python.pluginsource" library="default.py">
		<provides>video</provides>
  </extension>
  <extension point="xbmc.addon.metadata">
	<summary lang="en">HD Boxsets from Dandymedia</summary>
	<description lang="en">[B]One-click playlist of popular box-sets [CR][CR][COLOR red]Debrid Account Recommended [CR][CR]Any Capcha's just click 'DONE'[/COLOR][/B]</description>
	<disclaimer lang="en"></disclaimer>
	<platform>all</platform>
  </extension>
</addon>
