<?xml version="1.0" encoding="UTF-8" standalone="yes"?>
<addon id="plugin.video.solarmoviegw" name="SolarMovie" version="0.0.4" provider-name="Dandymedia">
  <requires>
    <import addon="xbmc.python" version="2.1.0"/>
    <import addon="script.module.urlresolver"  version="3.0.0"/>
    <import addon="script.module.addon.common" />
    <import addon="script.module.requests" />
  </requires>
  <extension point="xbmc.python.pluginsource" library="default.py">
      <provides>video</provides>
  </extension>
  <extension point="xbmc.addon.metadata">
    <summary lang="en">Video</summary>
    <description lang="en">Movies/TV using solarmovie.ag</description>
    <disclaimer lang="en"></disclaimer>
    <platform>all</platform>
  </extension>
</addon>
